{
    "miniprogramRoot": "miniprogram/",
    "cloudfunctionRoot": "cloudfunctions/",
    "setting": {
        "urlCheck": false,
        "es6": false,
        "enhance": false,
        "postcss": true,
        "preloadBackgroundData": false,
        "minified": true,
        "newFeature": true,
        "coverView": true,
        "nodeModules": false,
        "autoAudits": false,
        "showShadowRootInWxmlPanel": true,
        "scopeDataCheck": false,
        "uglifyFileName": false,
        "checkInvalidKey": true,
        "checkSiteMap": true,
        "uploadWithSourceMap": true,
        "compileHotReLoad": false,
        "lazyloadPlaceholderEnable": false,
        "useMultiFrameRuntime": true,
        "useApiHook": true,
        "useApiHostProcess": true,
        "babelSetting": {
            "ignore": [],
            "disablePlugins": [],
            "outputPath": ""
        },
        "enableEngineNative": false,
        "useIsolateContext": false,
        "userConfirmedBundleSwitch": false,
        "packNpmManually": false,
        "packNpmRelationList": [],
        "minifyWXSS": true,
        "disableUseStrict": false,
        "minifyWXML": true,
        "showES6CompileOption": false,
        "useCompilerPlugins": false
    },
    "appid": "wx0b03af8009b66170",
    "projectname": "%E7%A0%81%E4%BA%91-%E5%AE%B6%E6%94%BF",
    "libVersion": "2.20.2",
    "condition": {
        "search": {
            "list": []
        },
        "conversation": {
            "list": []
        },
        "plugin": {
            "list": []
        },
        "game": {
            "list": []
        },
        "miniprogram": {
            "list": [
                {
                    "id": -1,
                    "name": "db guide",
                    "pathName": "pages/databaseGuide/databaseGuide",
                    "query": ""
                },
                {
                    "id": -1,
                    "name": "relname",
                    "pathName": "pages/relname/relname",
                    "query": ""
                },
                {
                    "id": -1,
                    "name": "login",
                    "pathName": "pages/login/login",
                    "query": ""
                },
                {
                    "id": -1,
                    "name": "shenhe",
                    "pathName": "pages/shenhe/shenhe",
                    "query": ""
                },
                {
                    "id": -1,
                    "name": "weiguo",
                    "pathName": "pages/weiguo/weiguo",
                    "query": ""
                },
                {
                    "id": -1,
                    "name": "yirenzheng",
                    "pathName": "pages/yirenzheng/yirenzheng",
                    "query": ""
                },
                {
                    "id": -1,
                    "name": "dizhi",
                    "pathName": "pages/dizhi/dizhi",
                    "query": ""
                },
                {
                    "id": -1,
                    "name": "xinijiandz",
                    "pathName": "pages/xinjiandz/xinjiandz",
                    "query": ""
                },
                {
                    "id": -1,
                    "name": "bianjidz",
                    "pathName": "pages/bianjidz/bianjidz",
                    "query": ""
                },
                {
                    "id": -1,
                    "name": "zhengyi",
                    "pathName": "pages/zhengyi/zhengyi",
                    "query": ""
                },
                {
                    "id": -1,
                    "name": "guanyu ",
                    "pathName": "pages/guanyu/guanyu",
                    "query": ""
                },
                {
                    "id": -1,
                    "name": "kefu",
                    "pathName": "pages/kefu/kefu",
                    "query": ""
                },
                {
                    "id": -1,
                    "name": "er",
                    "pathName": "pages/erweima/erweima",
                    "query": ""
                },
                {
                    "id": -1,
                    "name": "mydingdan",
                    "pathName": "pages/mydingdan/mydingdan",
                    "query": ""
                },
                {
                    "id": -1,
                    "name": "dingdankong",
                    "pathName": "pages/dingdankong/dingdankong",
                    "query": ""
                },
                {
                    "id": -1,
                    "name": "dingdanxq",
                    "pathName": "pages/dingdanxq/dingdanxq",
                    "query": ""
                },
                {
                    "id": -1,
                    "name": "dingdandfk",
                    "pathName": "pages/dingdandfk/dingdandfk",
                    "query": ""
                },
                {
                    "id": -1,
                    "name": "djd",
                    "pathName": "pages/dingdandjd/dingdandjd",
                    "query": ""
                },
                {
                    "id": -1,
                    "name": "已退",
                    "pathName": "pages/dingdanyitui/dingdanyitui",
                    "query": ""
                },
                {
                    "id": -1,
                    "name": "dfuwu",
                    "pathName": "pages/dingdandfw/dingdandfw",
                    "query": ""
                },
                {
                    "id": -1,
                    "name": "fuwuz",
                    "pathName": "pages/dingdanfuwuz/dingdanfuwuz",
                    "query": ""
                },
                {
                    "id": -1,
                    "name": "延长",
                    "pathName": "pages/yanchang/yanchang",
                    "query": ""
                },
                {
                    "id": -1,
                    "name": "台",
                    "pathName": "pages/yanchangtai/yanchangtai",
                    "query": ""
                },
                {
                    "id": -1,
                    "name": "订单延长",
                    "pathName": "pages/dingdanyc/dingdanyc",
                    "query": ""
                },
                {
                    "id": -1,
                    "name": "已完成",
                    "pathName": "pages/dingdanywc/dingdanywc",
                    "query": ""
                },
                {
                    "id": -1,
                    "name": "保洁服务",
                    "pathName": "pages/baojiefw/baojiefw",
                    "query": ""
                },
                {
                    "id": -1,
                    "name": "保洁服务1",
                    "pathName": "pages/baojiefuwu/baojiefuwu",
                    "query": ""
                },
                {
                    "id": -1,
                    "name": "提交订单",
                    "pathName": "pages/tijiaodd/tijiaodd",
                    "query": ""
                },
                {
                    "id": -1,
                    "name": "dizhi2",
                    "pathName": "pages/dizhi2/dizhi2",
                    "query": ""
                },
                {
                    "id": -1,
                    "name": "xuanzedz",
                    "pathName": "pages/xuanzedz/xuanzedz",
                    "query": ""
                },
                {
                    "id": -1,
                    "name": "guanlidz",
                    "pathName": "pages/guanlidz/guanlidz",
                    "query": ""
                },
                {
                    "id": -1,
                    "name": "提交订单地址",
                    "pathName": "pages/tijiaodddz/tijiaodddz",
                    "query": ""
                },
                {
                    "id": -1,
                    "name": "首页",
                    "pathName": "pages/shouye/shouye",
                    "query": ""
                },
                {
                    "id": -1,
                    "name": "定位",
                    "pathName": "pages/dingwei/dingwei",
                    "query": ""
                },
                {
                    "id": -1,
                    "name": "denglu",
                    "pathName": "pages/denglu/denglu",
                    "query": ""
                },
                {
                    "id": -1,
                    "name": "phone",
                    "pathName": "pages/phone/phone",
                    "query": ""
                },
                {
                    "id": -1,
                    "name": "注册",
                    "pathName": "pages/zhuce/zhuce",
                    "query": ""
                },
                {
                    "id": -1,
                    "name": "忘记密码",
                    "pathName": "pages/wangjimm/wangjimm",
                    "query": ""
                },
                {
                    "id": -1,
                    "name": "首页其他",
                    "pathName": "pages/shouyeqt/shouyeqt",
                    "query": ""
                },
                {
                    "id": -1,
                    "name": "首页未",
                    "pathName": "pages/shouyewei/shouyewei",
                    "query": ""
                },
                {
                    "id": -1,
                    "name": "dingdankong",
                    "pathName": "pages/mydingdankong/mydingdankong",
                    "query": ""
                },
                {
                    "id": -1,
                    "name": "xinjian2",
                    "pathName": "pages/xinjiandz2/xinjiandz2",
                    "query": ""
                },
                {
                    "id": -1,
                    "name": "bianji2",
                    "pathName": "pages/bianjidz2/bianjidz2",
                    "query": ""
                },
                {
                    "id": -1,
                    "name": "xuanzezhifu",
                    "pathName": "pages/xuanzezf/xuanzezf",
                    "query": ""
                },
                {
                    "id": -1,
                    "name": "注册协议",
                    "pathName": "pages/zhucexy/zhucexy",
                    "query": ""
                },
                {
                    "id": -1,
                    "name": "kong",
                    "pathName": "pages/dingdankong/dingdankong",
                    "query": ""
                },
                {
                    "id": -1,
                    "name": "kong",
                    "pathName": "pages/mydingdankong/mydingdankong",
                    "query": ""
                },
                {
                    "id": -1,
                    "name": "djd",
                    "pathName": "pages/dingdandjd/dingdandjd"
                }
            ]
        }
    }
}